,Apples,Barley,Beef,Chicken,Dairy products,Maize,Oils,Pork,Potatoes,Rapeseed,Raw sugar,Rice,Sorghum,Soybeans,Starch,Sweet potatoes,Wheat,Fertilizer_K,Fertilizer_N,Fertilizer_P
Apples,0.0038,0.0013,-0.0003,0.0014,-0.0002,0.0001,0.0003,0.0006,0.0023,0.0005,0.0002,0.0004,-0.0009,0.0003,0.0063,-0.0026,-0.0017,0.0009,0.0004,0.0034
Barley,0.0013,0.0195,-0.0015,0.0006,0.0002,-0.0013,0.0014,0.0021,0.0024,0.0006,0.0005,-0.0007,0.0019,0.0008,0.0039,0.0047,0.0023,0.0022,-0.0007,0.0036
Beef,-0.0003,-0.0015,0.0063,-0.0008,0.0013,0.0008,-0.0002,-0.0007,-0.0008,0.0001,-0.0003,0.0007,0.0016,-0.0005,-0.0044,-0.0015,-0.0007,-0.0010,0.0015,0.0002
Chicken,0.0014,0.0006,-0.0008,0.0046,0.0006,0.0000,0.0003,0.0005,0.0008,0.0013,0.0010,0.0016,-0.0004,0.0006,-0.0002,-0.0085,-0.0004,0.0017,-0.0011,0.0033
Dairy products,-0.0002,0.0002,0.0013,0.0006,0.0025,0.0008,0.0003,0.0003,-0.0011,0.0016,0.0007,0.0013,0.0021,0.0009,0.0028,-0.0036,0.0008,0.0038,0.0007,0.0006
Maize,0.0001,-0.0013,0.0008,0.0000,0.0008,0.0080,0.0004,-0.0005,0.0006,-0.0003,0.0000,0.0017,0.0073,0.0025,0.0007,-0.0082,0.0009,0.0057,0.0045,0.0038
Oils,0.0003,0.0014,-0.0002,0.0003,0.0003,0.0004,0.0027,0.0002,0.0003,0.0007,-0.0001,-0.0001,-0.0017,0.0008,0.0025,0.0052,-0.0002,-0.0001,-0.0008,0.0029
Pork,0.0006,0.0021,-0.0007,0.0005,0.0003,-0.0005,0.0002,0.0030,0.0005,0.0028,0.0003,-0.0002,0.0006,0.0000,0.0036,0.0039,0.0009,0.0028,0.0003,-0.0008
Potatoes,0.0023,0.0024,-0.0008,0.0008,-0.0011,0.0006,0.0003,0.0005,0.0090,0.0000,0.0003,0.0016,-0.0021,0.0006,0.0027,0.0070,-0.0009,0.0009,-0.0022,0.0010
Rapeseed,0.0005,0.0006,0.0001,0.0013,0.0016,-0.0003,0.0007,0.0028,0.0000,0.0170,0.0003,0.0015,0.0042,-0.0001,0.0082,0.0078,-0.0004,0.0018,-0.0008,-0.0098
Raw sugar,0.0002,0.0005,-0.0003,0.0010,0.0007,0.0000,-0.0001,0.0003,0.0003,0.0003,0.0042,0.0017,0.0020,0.0007,-0.0021,-0.0082,0.0001,0.0037,0.0006,-0.0031
Rice,0.0004,-0.0007,0.0007,0.0016,0.0013,0.0017,-0.0001,-0.0002,0.0016,0.0015,0.0017,0.0103,0.0041,0.0001,-0.0057,-0.0132,-0.0007,0.0015,0.0005,-0.0078
Sorghum,-0.0009,0.0019,0.0016,-0.0004,0.0021,0.0073,-0.0017,0.0006,-0.0021,0.0042,0.0020,0.0041,0.0516,0.0028,-0.0032,-0.0107,0.0019,0.0085,0.0026,0.0000
Soybeans,0.0003,0.0008,-0.0005,0.0006,0.0009,0.0025,0.0008,0.0000,0.0006,-0.0001,0.0007,0.0001,0.0028,0.0043,-0.0022,0.0005,0.0004,0.0054,-0.0001,0.0056
Starch,0.0063,0.0039,-0.0044,-0.0002,0.0028,0.0007,0.0025,0.0036,0.0027,0.0082,-0.0021,-0.0057,-0.0032,-0.0022,0.0815,0.0080,-0.0012,-0.0008,0.0032,0.0140
Sweet potatoes,-0.0026,0.0047,-0.0015,-0.0085,-0.0036,-0.0082,0.0052,0.0039,0.0070,0.0078,-0.0082,-0.0132,-0.0107,0.0005,0.0080,0.1814,0.0062,-0.0094,-0.0156,-0.0160
Wheat,-0.0017,0.0023,-0.0007,-0.0004,0.0008,0.0009,-0.0002,0.0009,-0.0009,-0.0004,0.0001,-0.0007,0.0019,0.0004,-0.0012,0.0062,0.0072,0.0042,0.0004,-0.0029
Fertilizer_K,0.0009,0.0022,-0.0010,0.0017,0.0038,0.0057,-0.0001,0.0028,0.0009,0.0018,0.0037,0.0015,0.0085,0.0054,-0.0008,-0.0094,0.0042,0.0475,0.0076,0.0008
Fertilizer_N,0.0004,-0.0007,0.0015,-0.0011,0.0007,0.0045,-0.0008,0.0003,-0.0022,-0.0008,0.0006,0.0005,0.0026,-0.0001,0.0032,-0.0156,0.0004,0.0076,0.0177,0.0023
Fertilizer_P,0.0034,0.0036,0.0002,0.0033,0.0006,0.0038,0.0029,-0.0008,0.0010,-0.0098,-0.0031,-0.0078,0.0000,0.0056,0.0140,-0.0160,-0.0029,0.0008,0.0023,0.1294
