Year,item_group,Value
1961,Apples,0
1961,Barley,0
1961,Beef,31
1961,Chicken,91
1961,Dairy products,38782
1961,Maize,1830700
1961,Oils,18647
1961,Pork,1004
1961,Potatoes,0
1961,Rapeseed,24496
1961,Raw sugar,1304246
1961,Rice,282411
1961,Sorghum,146004
1961,Soybeans,1214630
1961,Starch,3000
1961,Sweet potatoes,0
1961,Wheat,2707977
1962,Apples,0
1962,Barley,0
1962,Beef,56
1962,Chicken,284
1962,Dairy products,56519
1962,Maize,2316200
1962,Oils,19235
1962,Pork,43
1962,Potatoes,0
1962,Rapeseed,41957
1962,Raw sugar,1472701
1962,Rice,387841.1
1962,Sorghum,399951
1962,Soybeans,1308930
1962,Starch,5904
1962,Sweet potatoes,0
1962,Wheat,2636526
1963,Apples,0
1963,Barley,172100
1963,Beef,105
1963,Chicken,3471
1963,Dairy products,79600
1963,Maize,2645500
1963,Oils,26828
1963,Pork,6548
1963,Potatoes,0
1963,Rapeseed,94309
1963,Raw sugar,1293113
1963,Rice,471038.9
1963,Sorghum,749648
1963,Soybeans,1545870
1963,Starch,22882
1963,Sweet potatoes,0
1963,Wheat,3253700
1964,Apples,0
1964,Barley,471000
1964,Beef,89
1964,Chicken,5936
1964,Dairy products,91639
1964,Maize,3229000
1964,Oils,32281
1964,Pork,4035
1964,Potatoes,0
1964,Rapeseed,82389
1964,Raw sugar,1391854
1964,Rice,1013911
1964,Sorghum,953036
1964,Soybeans,1620410
1964,Starch,10646
1964,Sweet potatoes,0
1964,Wheat,3631000
1965,Apples,0
1965,Barley,635510
1965,Beef,125
1965,Chicken,6135
1965,Dairy products,83665
1965,Maize,3433500
1965,Oils,20920
1965,Pork,94
1965,Potatoes,0
1965,Rapeseed,108234
1965,Raw sugar,1424145
1965,Rice,2338251.2
1965,Sorghum,1430582
1965,Soybeans,1893790
1965,Starch,16940
1965,Sweet potatoes,0
1965,Wheat,3650400
1966,Apples,4
1966,Barley,447323
1966,Beef,178
1966,Chicken,7935
1966,Dairy products,104734
1966,Maize,3597727
1966,Oils,26820
1966,Pork,58
1966,Potatoes,0
1966,Rapeseed,211461
1966,Raw sugar,1549579
1966,Rice,1607531.4
1966,Sorghum,2247072
1966,Soybeans,2175872
1966,Starch,20052
1966,Sweet potatoes,0
1966,Wheat,3917214
1967,Apples,2
1967,Barley,602666
1967,Beef,120
1967,Chicken,8400
1967,Dairy products,154747
1967,Maize,3960229
1967,Oils,26271
1967,Pork,60
1967,Potatoes,0
1967,Rapeseed,215398
1967,Raw sugar,1783382
1967,Rice,1005419.4
1967,Sorghum,2583645
1967,Soybeans,2172078
1967,Starch,55791
1967,Sweet potatoes,0
1967,Wheat,4129824
1968,Apples,0
1968,Barley,634373
1968,Beef,136
1968,Chicken,16199
1968,Dairy products,107771
1968,Maize,5144500
1968,Oils,31666
1968,Pork,10490
1968,Potatoes,0
1968,Rapeseed,249898
1968,Raw sugar,2162334
1968,Rice,538567
1968,Sorghum,2313855
1968,Soybeans,2436073
1968,Starch,52005
1968,Sweet potatoes,0
1968,Wheat,4072731
1969,Apples,0
1969,Barley,676596
1969,Beef,176
1969,Chicken,20103
1969,Dairy products,104908
1969,Maize,5488531
1969,Oils,48415
1969,Pork,42830
1969,Potatoes,20
1969,Rapeseed,276318
1969,Raw sugar,2291242
1969,Rice,112364.5
1969,Sorghum,2859476
1969,Soybeans,2617217
1969,Starch,49010
1969,Sweet potatoes,0
1969,Wheat,4328222
1970,Apples,0
1970,Barley,767710
1970,Beef,491
1970,Chicken,10702
1970,Dairy products,103787
1970,Maize,6017853
1970,Oils,54703
1970,Pork,17309
1970,Potatoes,50
1970,Rapeseed,336269
1970,Raw sugar,2836110
1970,Rice,150558
1970,Sorghum,3789360
1970,Soybeans,3315746
1970,Starch,50271
1970,Sweet potatoes,0
1970,Wheat,4684807
1971,Apples,13
1971,Barley,865262
1971,Beef,199
1971,Chicken,27177
1971,Dairy products,96983
1971,Maize,5007222
1971,Oils,43356
1971,Pork,27360
1971,Potatoes,144
1971,Rapeseed,420742
1971,Raw sugar,2480403
1971,Rice,97309.3
1971,Sorghum,3810538
1971,Soybeans,3250479
1971,Starch,46956
1971,Sweet potatoes,0
1971,Wheat,4872188
1972,Apples,180
1972,Barley,1003962
1972,Beef,445
1972,Chicken,29278
1972,Dairy products,115626
1972,Maize,6051501
1972,Oils,84874
1972,Pork,68988
1972,Potatoes,841
1972,Rapeseed,610358
1972,Raw sugar,2773824
1972,Rice,9394
1972,Sorghum,3504589
1972,Soybeans,3447680
1972,Starch,51501
1972,Sweet potatoes,0
1972,Wheat,5149504
1973,Apples,65
1973,Barley,1322029
1973,Beef,1650
1973,Chicken,25888
1973,Dairy products,137934
1973,Maize,7770562
1973,Oils,171086
1973,Pork,135862
1973,Potatoes,2781
1973,Rapeseed,698251
1973,Raw sugar,2442588
1973,Rice,48960
1973,Sorghum,3741703
1973,Soybeans,3911963
1973,Starch,72298
1973,Sweet potatoes,0
1973,Wheat,5386278
1974,Apples,406
1974,Barley,1417851
1974,Beef,1574
1974,Chicken,25350
1974,Dairy products,178721
1974,Maize,7939549
1974,Oils,179812
1974,Pork,51750
1974,Potatoes,4435
1974,Rapeseed,683311
1974,Raw sugar,2828655
1974,Rice,124904.9
1974,Sorghum,4473523
1974,Soybeans,3375424
1974,Starch,144105
1974,Sweet potatoes,0
1974,Wheat,5376675
1975,Apples,1195
1975,Barley,1597752
1975,Beef,1467
1975,Chicken,20630
1975,Dairy products,113460
1975,Maize,7470132
1975,Oils,168888
1975,Pork,131738
1975,Potatoes,6254
1975,Rapeseed,659021
1975,Raw sugar,2472729
1975,Rice,71502.4
1975,Sorghum,3793656
1975,Soybeans,3351383
1975,Starch,75166
1975,Sweet potatoes,0
1975,Wheat,5654344
1976,Apples,82
1976,Barley,1761603
1976,Beef,4500
1976,Chicken,36951
1976,Dairy products,183930
1976,Maize,8383454
1976,Oils,225625
1976,Pork,156907
1976,Potatoes,14078
1976,Rapeseed,731808
1976,Raw sugar,2439535
1976,Rice,42968.5
1976,Sorghum,4227065
1976,Soybeans,3747227
1976,Starch,83494
1976,Sweet potatoes,0
1976,Wheat,5827048
1977,Apples,0
1977,Barley,1734539
1977,Beef,6572
1977,Chicken,46125
1977,Dairy products,204967
1977,Maize,9068102
1977,Oils,210840
1977,Pork,118064
1977,Potatoes,23302
1977,Rapeseed,792946
1977,Raw sugar,2708426
1977,Rice,86202
1977,Sorghum,5180599
1977,Soybeans,3916089
1977,Starch,96229
1977,Sweet potatoes,0
1977,Wheat,5675781
1978,Apples,0
1978,Barley,1489584
1978,Beef,9051
1978,Chicken,59813
1978,Dairy products,233628
1978,Maize,10534391
1978,Oils,220197
1978,Pork,109747
1978,Potatoes,46844
1978,Rapeseed,848268
1978,Raw sugar,2300465
1978,Rice,124275.5
1978,Sorghum,5111834
1978,Soybeans,4599980
1978,Starch,91273
1978,Sweet potatoes,0
1978,Wheat,5564230
1979,Apples,514
1979,Barley,1519108
1979,Beef,9639
1979,Chicken,70071
1979,Dairy products,221437
1979,Maize,11407718
1979,Oils,245443
1979,Pork,139575
1979,Potatoes,52421
1979,Rapeseed,1126962
1979,Raw sugar,2686435
1979,Rice,29986
1979,Sorghum,5354602
1979,Soybeans,4414683
1979,Starch,70471
1979,Sweet potatoes,0
1979,Wheat,5925955
1980,Apples,0
1980,Barley,1415988
1980,Beef,7157
1980,Chicken,70256
1980,Dairy products,197480
1980,Maize,12829902
1980,Oils,235928
1980,Pork,113933
1980,Potatoes,54763
1980,Rapeseed,1065428
1980,Raw sugar,2316381
1980,Rice,27611.7
1980,Sorghum,4218561
1980,Soybeans,4726149
1980,Starch,68268
1980,Sweet potatoes,0
1980,Wheat,5682390
1981,Apples,0
1981,Barley,1568289
1981,Beef,7126
1981,Chicken,97997
1981,Dairy products,175193
1981,Maize,13590484
1981,Oils,295681
1981,Pork,190601
1981,Potatoes,52898
1981,Rapeseed,1171395
1981,Raw sugar,1591123
1981,Rice,150814
1981,Sorghum,3300854
1981,Soybeans,4410340
1981,Starch,80681
1981,Sweet potatoes,0
1981,Wheat,5632805
1982,Apples,0
1982,Barley,1330070
1982,Beef,8052
1982,Chicken,102927
1982,Dairy products,196904
1982,Maize,13570900
1982,Oils,298446
1982,Pork,148107
1982,Potatoes,58139
1982,Rapeseed,1226814
1982,Raw sugar,2168756
1982,Rice,131920
1982,Sorghum,3427768
1982,Soybeans,4430545
1982,Starch,83269
1982,Sweet potatoes,0
1982,Wheat,5713429
1983,Apples,0
1983,Barley,1476857
1983,Beef,7778
1983,Chicken,100575
1983,Dairy products,191882
1983,Maize,14700900
1983,Oils,287930
1983,Pork,173272
1983,Potatoes,57594
1983,Rapeseed,1277296
1983,Raw sugar,1809171
1983,Rice,27646
1983,Sorghum,2956832
1983,Soybeans,5229032
1983,Starch,52698
1983,Sweet potatoes,0
1983,Wheat,5816472
1984,Apples,0
1984,Barley,1566801
1984,Beef,7722
1984,Chicken,103726
1984,Dairy products,198866
1984,Maize,14169620
1984,Oils,250132
1984,Pork,203266
1984,Potatoes,63033
1984,Rapeseed,1376538
1984,Raw sugar,1860247
1984,Rice,315691.3
1984,Sorghum,4477957
1984,Soybeans,4631131
1984,Starch,114167
1984,Sweet potatoes,0
1984,Wheat,5978456
1985,Apples,0
1985,Barley,1660947
1985,Beef,7199
1985,Chicken,100455
1985,Dairy products,215929
1985,Maize,14225106
1985,Oils,251637
1985,Pork,199845
1985,Potatoes,67998
1985,Rapeseed,1573027
1985,Raw sugar,1960401
1985,Rice,39212
1985,Sorghum,4792798
1985,Soybeans,5043616
1985,Starch,155484
1985,Sweet potatoes,0
1985,Wheat,5509767
1986,Apples,18
1986,Barley,1362716
1986,Beef,9589
1986,Chicken,174429
1986,Dairy products,199732
1986,Maize,14653155
1986,Oils,283249
1986,Pork,219831
1986,Potatoes,84857
1986,Rapeseed,1662022
1986,Raw sugar,1886169
1986,Rice,41302
1986,Sorghum,4976180
1986,Soybeans,5045754
1986,Starch,153001
1986,Sweet potatoes,0
1986,Wheat,5619765
1987,Apples,0
1987,Barley,1247542
1987,Beef,10824
1987,Chicken,195329
1987,Dairy products,215221
1987,Maize,16503661
1987,Oils,302590
1987,Pork,294187
1987,Potatoes,113602
1987,Rapeseed,1886118
1987,Raw sugar,1847966
1987,Rice,34338
1987,Sorghum,3977277
1987,Soybeans,5019809
1987,Starch,92172
1987,Sweet potatoes,0
1987,Wheat,5476167
1988,Apples,3956
1988,Barley,1345738
1988,Beef,18768
1988,Chicken,268537
1988,Dairy products,283508
1988,Maize,16555634
1988,Oils,353688
1988,Pork,337390
1988,Potatoes,145433
1988,Rapeseed,1947586
1988,Raw sugar,2014351
1988,Rice,32012
1988,Sorghum,3869139
1988,Soybeans,5272659
1988,Starch,96946
1988,Sweet potatoes,9
1988,Wheat,5723802
1989,Apples,15537
1989,Barley,1317120
1989,Beef,24652
1989,Chicken,281261
1989,Dairy products,238069
1989,Maize,15811144
1989,Oils,353182
1989,Pork,364742
1989,Potatoes,154802
1989,Rapeseed,1975968
1989,Raw sugar,1930194
1989,Rice,31904
1989,Sorghum,4244413
1989,Soybeans,4788661
1989,Starch,141205
1989,Sweet potatoes,0
1989,Wheat,5578574
1990,Apples,44646
1990,Barley,1271855
1990,Beef,25558
1990,Chicken,300478
1990,Dairy products,212936
1990,Maize,16007536
1990,Oils,387804
1990,Pork,356178
1990,Potatoes,147111
1990,Rapeseed,2057818
1990,Raw sugar,1760067
1990,Rice,36666
1990,Sorghum,3763168
1990,Soybeans,5323873
1990,Starch,110679
1990,Sweet potatoes,1485
1990,Wheat,5474302
1991,Apples,39153
1991,Barley,1519867
1991,Beef,24291
1991,Chicken,364501
1991,Dairy products,279502
1991,Maize,16646086
1991,Oils,426049
1991,Pork,428129
1991,Potatoes,165339
1991,Rapeseed,2037427
1991,Raw sugar,1896981
1991,Rice,35140
1991,Sorghum,3524030
1991,Soybeans,5171614
1991,Starch,127130
1991,Sweet potatoes,880
1991,Wheat,5693206
1992,Apples,33353
1992,Barley,1583958
1992,Beef,25617
1992,Chicken,415719
1992,Dairy products,247759
1992,Maize,16382473
1992,Oils,439482
1992,Pork,507023
1992,Potatoes,181552
1992,Rapeseed,2122578
1992,Raw sugar,1885458
1992,Rice,35814
1992,Sorghum,3084322
1992,Soybeans,5624606
1992,Starch,117608
1992,Sweet potatoes,654
1992,Wheat,5979408
1993,Apples,46979
1993,Barley,1618616
1993,Beef,32396
1993,Chicken,414436
1993,Dairy products,236842
1993,Maize,16862886
1993,Oils,444607
1993,Pork,486710
1993,Potatoes,181198
1993,Rapeseed,2090010
1993,Raw sugar,1773857
1993,Rice,215722
1993,Sorghum,3079105
1993,Soybeans,5947880
1993,Starch,139383
1993,Sweet potatoes,796
1993,Wheat,5813720
1994,Apples,59034
1994,Barley,1664884
1994,Beef,25749
1994,Chicken,478808
1994,Dairy products,257715
1994,Maize,15930967
1994,Oils,457439
1994,Pork,527087
1994,Potatoes,203741
1994,Rapeseed,2121649
1994,Raw sugar,1669624
1994,Rice,1589898
1994,Sorghum,2777482
1994,Soybeans,5534544
1994,Starch,127500
1994,Sweet potatoes,653
1994,Wheat,6352484
1995,Apples,83990
1995,Barley,1732226
1995,Beef,21607
1995,Chicken,591513
1995,Dairy products,294949
1995,Maize,16580828
1995,Oils,452271
1995,Pork,635751
1995,Potatoes,226880
1995,Rapeseed,2077989
1995,Raw sugar,1753645
1995,Rice,55658.9
1995,Sorghum,2255597
1995,Soybeans,5664057
1995,Starch,106649
1995,Sweet potatoes,464
1995,Wheat,5965345
1996,Apples,81459
1996,Barley,1597750
1996,Beef,18350
1996,Chicken,615128
1996,Dairy products,274121
1996,Maize,16004938
1996,Oils,445433
1996,Pork,741014
1996,Potatoes,251480
1996,Rapeseed,2149377
1996,Raw sugar,1676360
1996,Rice,859891.6
1996,Sorghum,2405715
1996,Soybeans,5609090
1996,Starch,121696
1996,Sweet potatoes,1079
1996,Wheat,5927952
1997,Apples,72349
1997,Barley,1608113
1997,Beef,15739
1997,Chicken,576702
1997,Dairy products,284723
1997,Maize,16099089
1997,Oils,473084
1997,Pork,578642
1997,Potatoes,263211
1997,Rapeseed,2231306
1997,Raw sugar,1731939
1997,Rice,1121662.45
1997,Sorghum,2781417
1997,Soybeans,5859521
1997,Starch,95326
1997,Sweet potatoes,1529
1997,Wheat,6316220
1998,Apples,65604
1998,Barley,1469667
1998,Beef,20118
1998,Chicken,591302
1998,Dairy products,279982
1998,Maize,16050380
1998,Oils,470986
1998,Pork,573891
1998,Potatoes,286558
1998,Rapeseed,2201970
1998,Raw sugar,1580159
1998,Rice,981448.5
1998,Sorghum,2686004
1998,Soybeans,5625467
1998,Starch,94448
1998,Sweet potatoes,2231
1998,Wheat,5759169
1999,Apples,77177
1999,Barley,1624459
1999,Beef,21180
1999,Chicken,667147
1999,Dairy products,286936
1999,Maize,16608041
1999,Oils,463848
1999,Pork,673242
1999,Potatoes,303593
1999,Rapeseed,2233848
1999,Raw sugar,1538615
1999,Rice,1302091.4
1999,Sorghum,2340049
1999,Soybeans,5757298
1999,Starch,112612
1999,Sweet potatoes,3687
1999,Wheat,5974232
2000,Apples,78778.81
2000,Barley,1654359.06
2000,Beef,21181.86
2000,Chicken,722058
2000,Dairy products,299144.16
2000,Maize,16113685.31
2000,Oils,507034.65
2000,Pork,728440.99
2000,Potatoes,296598.9
2000,Rapeseed,2231130
2000,Raw sugar,1579487.1
2000,Rice,1300940.2
2000,Sorghum,2177817
2000,Soybeans,5580890
2000,Starch,140867.44
2000,Sweet potatoes,4844.55
2000,Wheat,5854740
2001,Apples,102362
2001,Barley,1410984
2001,Beef,20779
2001,Chicken,712121
2001,Dairy products,300657
2001,Maize,16224028
2001,Oils,526452
2001,Pork,786250
2001,Potatoes,294828
2001,Rapeseed,2195534
2001,Raw sugar,1538918
2001,Rice,1278235.6
2001,Sorghum,1907813
2001,Soybeans,5684548
2001,Starch,148966
2001,Sweet potatoes,3174
2001,Wheat,5522146
2002,Apples,77703
2002,Barley,1351613
2002,Beef,12362
2002,Chicken,746710
2002,Dairy products,296543
2002,Maize,16422416
2002,Oils,568025
2002,Pork,852124
2002,Potatoes,285335
2002,Rapeseed,2125903
2002,Raw sugar,1481461
2002,Rice,1300879
2002,Sorghum,1775187
2002,Soybeans,6010654
2002,Starch,148325
2002,Sweet potatoes,5901
2002,Wheat,5863937
2003,Apples,77681
2003,Barley,1441953
2003,Beef,15026
2003,Chicken,699060
2003,Dairy products,293178
2003,Maize,17065203
2003,Oils,608773
2003,Pork,839357
2003,Potatoes,257834
2003,Rapeseed,2103660
2003,Raw sugar,1483549
2003,Rice,1410414.4
2003,Sorghum,1490123
2003,Soybeans,6213304
2003,Starch,147838
2003,Sweet potatoes,6996
2003,Wheat,5247259
2004,Apples,97975
2004,Barley,1438974
2004,Beef,16219
2004,Chicken,585262
2004,Dairy products,306303
2004,Maize,16480205
2004,Oils,702220
2004,Pork,976191
2004,Potatoes,287374
2004,Rapeseed,2330307
2004,Raw sugar,1411224
2004,Rice,1323880.8
2004,Sorghum,1410977
2004,Soybeans,5589407
2004,Starch,169517
2004,Sweet potatoes,9002
2004,Wheat,5491652
2005,Apples,109717
2005,Barley,1429905
2005,Beef,23524
2005,Chicken,752737
2005,Dairy products,300184
2005,Maize,16656390
2005,Oils,765027
2005,Pork,1010967
2005,Potatoes,301882
2005,Rapeseed,2330567
2005,Raw sugar,1359207
2005,Rice,1573367.2
2005,Sorghum,1403277
2005,Soybeans,5810851
2005,Starch,136848
2005,Sweet potatoes,13892
2005,Wheat,5474266
2006,Apples,105770
2006,Barley,1382979
2006,Beef,18707
2006,Chicken,720762
2006,Dairy products,293319
2006,Maize,16883602
2006,Oils,731086
2006,Pork,887678
2006,Potatoes,322783
2006,Rapeseed,2308458
2006,Raw sugar,1319745
2006,Rice,1212681.8
2006,Sorghum,1354424
2006,Soybeans,5689376
2006,Starch,153254
2006,Sweet potatoes,16232
2006,Wheat,5338993
2007,Apples,123196
2007,Barley,1406041
2007,Beef,12960
2007,Chicken,701304
2007,Dairy products,329146
2007,Maize,16627840
2007,Oils,747576
2007,Pork,930870
2007,Potatoes,332238
2007,Rapeseed,2211613
2007,Raw sugar,1533438
2007,Rice,1285920.6
2007,Sorghum,1233716
2007,Soybeans,5866297
2007,Starch,165912
2007,Sweet potatoes,14573
2007,Wheat,5277161
2008,Apples,106543
2008,Barley,1294844
2008,Beef,9883
2008,Chicken,740256
2008,Dairy products,285939
2008,Maize,16460245
2008,Oils,774593
2008,Pork,974999
2008,Potatoes,337239
2008,Rapeseed,2331030
2008,Raw sugar,1407436
2008,Rice,1192341.3
2008,Sorghum,1123404
2008,Soybeans,5393047
2008,Starch,164792
2008,Sweet potatoes,16596
2008,Wheat,5782590
2009,Apples,80729
2009,Barley,1390844
2009,Beef,12900
2009,Chicken,648718
2009,Dairy products,267981
2009,Maize,16294372
2009,Oils,739841
2009,Pork,875538
2009,Potatoes,342934
2009,Rapeseed,2198829
2009,Raw sugar,1304094
2009,Rice,1341135.9
2009,Sorghum,1751175
2009,Soybeans,5304890
2009,Starch,147353
2009,Sweet potatoes,14903
2009,Wheat,4704556
2010,Apples,78661
2010,Barley,1418179
2010,Beef,11994
2010,Chicken,793068
2010,Dairy products,284934
2010,Maize,16192622
2010,Oils,745715
2010,Pork,921897
2010,Potatoes,371071
2010,Rapeseed,2383459
2010,Raw sugar,1225842
2010,Rice,1328390.4
2010,Sorghum,1593376
2010,Soybeans,5641708
2010,Starch,116814
2010,Sweet potatoes,16248
2010,Wheat,5477475
2011,Apples,84228
2011,Barley,1313151
2011,Beef,11714
2011,Chicken,899923
2011,Dairy products,309952
2011,Maize,15284572
2011,Oils,774454
2011,Pork,964645
2011,Potatoes,391557
2011,Rapeseed,2347456
2011,Raw sugar,1541648
2011,Rice,1483544.3
2011,Sorghum,1395841
2011,Soybeans,5035266
2011,Starch,149866
2011,Sweet potatoes,17300
2011,Wheat,6216449
2012,Apples,90355
2012,Barley,1319307
2012,Beef,9547
2012,Chicken,882348
2012,Dairy products,327760
2012,Maize,14895082
2012,Oils,766146
2012,Pork,968842
2012,Potatoes,427245
2012,Rapeseed,2446099
2012,Raw sugar,1441017
2012,Rice,1257539.4
2012,Sorghum,1575757
2012,Soybeans,4835999
2012,Starch,158532
2012,Sweet potatoes,19585
2012,Wheat,5973025
2013,Apples,89181
2013,Barley,1323964
2013,Beef,6503
2013,Chicken,860268
2013,Dairy products,321597
2013,Maize,14400922
2013,Oils,793303
2013,Pork,940639
2013,Potatoes,384667
2013,Rapeseed,2529492
2013,Raw sugar,1408299
2013,Rice,1382442.8
2013,Sorghum,1798193
2013,Soybeans,4520151
2013,Starch,136575
2013,Sweet potatoes,21710
2013,Wheat,6202492
2014,Apples,91063.65999999999
2014,Barley,1241258
2014,Beef,7271.89
2014,Chicken,893838.74
2014,Dairy products,334133.07
2014,Maize,15034982.319999998
2014,Oils,782976.36
2014,Pork,1024980.8500000001
2014,Potatoes,366545.44
2014,Rapeseed,2468011.02
2014,Raw sugar,1346787.77
2014,Rice,1336753.79
2014,Sorghum,877472.02
2014,Soybeans,4580497.01
2014,Starch,150377.68
2014,Sweet potatoes,18671.99
2014,Wheat,5762176.01
2015,Apples,80007.15
2015,Barley,1110944.44
2015,Beef,8551.01
2015,Chicken,941639.61
2015,Dairy products,367890.28
2015,Maize,14708239.32
2015,Oils,825619.7
2015,Pork,976570.9299999999
2015,Potatoes,390312.81
2015,Rapeseed,2459722.04
2015,Raw sugar,1289342.6
2015,Rice,1376117.04
2015,Sorghum,832521.24
2015,Soybeans,4991978.05
2015,Starch,135247.84
2015,Sweet potatoes,16142.71
2015,Wheat,5533571.75
2016,Apples,78327.81000000001
2016,Barley,1161557.16
2016,Beef,8017.94
2016,Chicken,979136.65
2016,Dairy products,358072.64
2016,Maize,15342035.2
2016,Oils,834726.14
2016,Pork,1046913.43
2016,Potatoes,401997.33999999997
2016,Rapeseed,2372839.19
2016,Raw sugar,1270418.85
2016,Rice,1371699.58
2016,Sorghum,632257.35
2016,Soybeans,4907267.220000001
2016,Starch,132341.03
2016,Sweet potatoes,16181.47
2016,Wheat,5449790.46
2017,Apples,83613.94
2017,Barley,1195278.15
2017,Beef,8045.24
2017,Chicken,1062130.85
2017,Dairy products,398084.8
2017,Maize,14659828.94
2017,Oils,889365.01
2017,Pork,1134258.31
2017,Potatoes,449350.49000000005
2017,Rapeseed,2448510.4
2017,Raw sugar,1243581.02
2017,Rice,1357487.72
2017,Sorghum,519882
2017,Soybeans,4686702.94
2017,Starch,149965.87999999998
2017,Sweet potatoes,18410.75
2017,Wheat,5709418.98
2018,Apples,78698.51000000001
2018,Barley,1263958.51
2018,Beef,8250.65
2018,Chicken,1080597.67
2018,Dairy products,410614.31
2018,Maize,15811717.36
2018,Oils,954196.47
2018,Pork,1139609.05
2018,Potatoes,438373.22000000003
2018,Rapeseed,2343851.41
2018,Raw sugar,1183335.8299999998
2018,Rice,1220118.38
2018,Sorghum,571141.14
2018,Soybeans,4877233
2018,Starch,122660.81
2018,Sweet potatoes,15640.09
2018,Wheat,5655654.38
2019,Apples,86517.3
2019,Barley,1147828
2019,Beef,9171.75
2019,Chicken,1084924.73
2019,Dairy products,429367.27999999997
2019,Maize,15986108.540000001
2019,Oils,1011967.94
2019,Pork,1149330.43
2019,Potatoes,455349.07
2019,Rapeseed,2366417
2019,Raw sugar,1213617.4000000001
2019,Rice,1356565.6
2019,Sorghum,456277
2019,Soybeans,5034154.890000001
2019,Starch,140090.94999999998
2019,Sweet potatoes,14667.16
2019,Wheat,5335348
2020,Apples,80137.1
2020,Barley,1209211
2020,Beef,8883.85
2020,Chicken,1014220.75
2020,Dairy products,402034.51
2020,Maize,15770056.51
2020,Oils,981087.59
2020,Pork,1087425.27
2020,Potatoes,417316.29
2020,Rapeseed,2257339.4
2020,Raw sugar,1061458.76
2020,Rice,1353220.82
2020,Sorghum,382266.4
2020,Soybeans,5079644.92
2020,Starch,122486.53
2020,Sweet potatoes,13348.36
2020,Wheat,5377476.65
2021,Apples,80367.40999999999
2021,Barley,1148491.2
2021,Beef,6834.179999999999
2021,Chicken,1086059.13
2021,Dairy products,374993.32
2021,Maize,15239738.55
2021,Oils,833410.5
2021,Pork,1093376.89
2021,Potatoes,450997.2
2021,Rapeseed,2346585.34
2021,Raw sugar,993265.83
2021,Rice,1324964.32
2021,Sorghum,301505
2021,Soybeans,5001673.33
2021,Starch,136137.82
2021,Sweet potatoes,12824.34
2021,Wheat,5129485.87
2022,Apples,80792.51000000001
2022,Barley,1235682
2022,Beef,8625.98
2022,Chicken,1109483.6400000001
2022,Dairy products,363426.4
2022,Maize,15271389.72
2022,Oils,849882.9800000001
2022,Pork,1172754.59
2022,Potatoes,492985.83
2022,Rapeseed,2109514.72
2022,Raw sugar,1067288.02
2022,Rice,1338656.74
2022,Sorghum,265411
2022,Soybeans,5018826.6
2022,Starch,128453.69
2022,Sweet potatoes,12922.46
2022,Wheat,5350221.17
2023,Apples,70879.56999999999
2023,Barley,1233989
2023,Beef,9691.92
2023,Chicken,1071806.38
2023,Dairy products,327835.94
2023,Maize,14875882.17
2023,Oils,849199.93
2023,Pork,1101710.07
2023,Potatoes,483170.54000000004
2023,Rapeseed,2039914.68
2023,Raw sugar,1141616.76
2023,Rice,1417641.2999999998
2023,Sorghum,184702
2023,Soybeans,4815824.98
2023,Starch,122162.79000000001
2023,Sweet potatoes,11929.45
2023,Wheat,5030592.44
2024,Apples,74541.88
2024,Barley,1169540.64
2024,Beef,11788.63
2024,Chicken,1151718.01
2024,Dairy products,364251.46
2024,Maize,15276697.67
2024,Oils,816088.48
2024,Pork,1145034.25
2024,Potatoes,482113.99
2024,Rapeseed,2110952.32
2024,Raw sugar,1224594.28
2024,Rice,1508463.78
2024,Sorghum,122071.22
2024,Soybeans,4802026.75
2024,Starch,113130.55
2024,Sweet potatoes,10345.74
2024,Wheat,5218580.08
