item_group,Item
Apples,Apple juice
Apples,"Apple juice, concentrated"
Apples,Apples
Barley,Barley
Barley,"Barley, pearled"
Beef,Beef and veal preparations nes
Beef,"Bovine meat, salted, dried or smoked"
Chicken,"Meat of chickens, fresh or chilled"
Chicken,Poultry meat preparations
Dairy products,Butter of cow milk
Dairy products,"Buttermilk, curdled and acidified milk"
Dairy products,"Buttermilk, dry"
Dairy products,Cheese from whole cow milk
Dairy products,"Cream, fresh"
Dairy products,Processed cheese
Dairy products,Raw milk of cattle
Dairy products,Skim milk and whey powder
Dairy products,Skim milk of cows
Dairy products,"Whey, condensed"
Dairy products,"Whey, dry"
Dairy products,Whole milk powder
Dairy products,"Whole milk, condensed"
Dairy products,"Whole milk, evaporated"
Dairy products,"Yoghurt, with additives"
Maize,Green corn (maize)
Maize,Maize (corn)
Oils,Animal oils and fats n.e.c.
Oils,Coconut oil
Oils,Cottonseed oil
Oils,Groundnut oil
Oils,Oil of maize
Oils,Oil of rice bran
Oils,Olive oil
Oils,"Other oil of vegetable origin, crude n.e.c."
Oils,Palm oil
Oils,"Rapeseed or canola oil, crude"
Oils,Soya bean oil
Oils,"Sunflower-seed oil, crude"
Pork,"Meat of pig boneless, fresh or chilled"
Pork,"Meat of pig with the bone, fresh or chilled"
Pork,Pig meat preparations
Pork,"Pig meat, cuts, salted, dried or smoked (bacon and ham)"
Potatoes,"Flour, meal, powder, flakes, granules and pellets of potatoes"
Potatoes,Potatoes
Potatoes,"Potatoes, frozen"
Rapeseed,Cake of rapeseed
Rapeseed,Rape or colza seed
Raw sugar,"Cane sugar, non-centrifugal"
Raw sugar,Raw cane or beet sugar (centrifugal only)
Raw sugar,"Refined cane or beet sugar, in solid form, containing added flavouring or colouring matter; maple sugar and maple syrup"
Raw sugar,Refined sugar
Raw sugar,Sugar and syrups n.e.c.
Rice,Husked rice
Rice,Rice
Rice,"Rice, broken"
Rice,"Rice, milled"
Rice,"Rice, milled (husked)"
Rice,"Rice, paddy (rice milled equivalent)"
Sorghum,Sorghum
Soybeans,Cake of soya beans
Soybeans,Soya beans
Starch,"Edible roots and tubers with high starch or inulin content, n.e.c., fresh"
Starch,Starch of cassava
Sweet potatoes,Sweet potatoes
Wheat,Wheat
Wheat,Wheat and meslin flour
