refYear,qty_562,qty_561,ratio_562_to_561,prefer_561,qty_merged_kg,source_used,qty_merged_ton,fertilizer
1962,NA,7504668268,NA,FALSE,7504668268,561_fallback,7504668.268,N
1963,NA,9003085753,NA,FALSE,9003085753,561_fallback,9003085.753,N
1964,NA,6957494821,NA,FALSE,6957494821,561_fallback,6957494.821,N
1965,NA,9008827919,NA,FALSE,9008827919,561_fallback,9008827.919,N
1966,NA,8989768362,NA,FALSE,8989768362,561_fallback,8989768.362,N
1967,NA,9871681814,NA,FALSE,9871681814,561_fallback,9871681.814,N
1968,NA,9412257968,NA,FALSE,9412257968,561_fallback,9412257.968,N
1969,NA,8735485379,NA,FALSE,8735485379,561_fallback,8735485.379,N
1970,NA,8005930225,NA,FALSE,8005930225,561_fallback,8005930.225,N
1971,NA,8121353311,NA,FALSE,8121353311,561_fallback,8121353.311,N
1972,NA,10782057542,NA,FALSE,10782057542,561_fallback,10782057.542,N
1973,NA,12865367293,NA,FALSE,12865367293,561_fallback,12865367.293,N
1974,NA,13982780122,NA,FALSE,13982780122,561_fallback,13982780.122,N
1975,NA,12024933306,NA,FALSE,12024933306,561_fallback,12024933.306,N
1976,2066022383,10140217021,0.20374538125972522,TRUE,10140217021,561_preferred,10140217.021,N
1977,3868607060,9774949614,0.39576746814727876,TRUE,9774949614,561_preferred,9774949.614,N
1978,14855234112,1658102443,8.959177507224744,FALSE,14855234112,562,14855234.112,N
1979,16041265566,1311106765,12.234904123921593,FALSE,16041265566,562,16041265.566,N
1980,16069737294,722392451,22.245162268452333,FALSE,16069737294,562,16069737.294,N
1981,14738089009,607074896,24.277217038801748,FALSE,14738089009,562,14738089.009,N
1982,14044142539,161689729,86.858594085466,FALSE,14044142539,562,14044142.539,N
1983,15478485272,814932363,18.9935827496398,FALSE,15478485272,562,15478485.272,N
1984,17474863465,1105922532,15.801164149714602,FALSE,17474863465,562,17474863.465,N
1985,16962368250,329897371,51.417106473394725,FALSE,16962368250,562,16962368.25,N
1986,15889215460,908037088,17.49842123188695,FALSE,15889215460,562,15889215.46,N
1987,18504646985,499943737,37.013458946481414,FALSE,18504646985,562,18504646.985,N
1988,21003132045,38198520,549.8415133622979,FALSE,21003132045,562,21003132.045,N
1989,22361685236,NA,NA,FALSE,22361685236,562,22361685.236,N
1990,24329494336,NA,NA,FALSE,24329494336,562,24329494.336,N
1991,22758214509,NA,NA,FALSE,22758214509,562,22758214.509,N
1992,28362177270,2000,14181088.635,FALSE,28362177270,562,28362177.27,N
1993,27091018191,NA,NA,FALSE,27091018191,562,27091018.191,N
1994,30727652366,NA,NA,FALSE,30727652366,562,30727652.366,N
1995,48412129776,NA,NA,FALSE,48412129776,562,48412129.776,N
1996,45743074806,NA,NA,FALSE,45743074806,562,45743074.806,N
1997,39809137872,NA,NA,FALSE,39809137872,562,39809137.872,N
1998,39281251956,NA,NA,FALSE,39281251956,562,39281251.956,N
1999,40882894648,NA,NA,FALSE,40882894648,562,40882894.648,N
2000,43381446752.89,NA,NA,FALSE,43381446752.89,562,43381446.75289,N
2001,39449298586.646,NA,NA,FALSE,39449298586.646,562,39449298.586646006,N
2002,40006593007.765,NA,NA,FALSE,40006593007.765,562,40006593.007765,N
2003,41767782799.881996,NA,NA,FALSE,41767782799.881996,562,41767782.799881995,N
2004,47373118240.906,NA,NA,FALSE,47373118240.906,562,47373118.240906,N
2005,50160766352.6,NA,NA,FALSE,50160766352.6,562,50160766.3526,N
2006,50058409554.738,NA,NA,FALSE,50058409554.738,562,50058409.554738,N
2007,57208348946.374,NA,NA,FALSE,57208348946.374,562,57208348.946374,N
2008,50211342508.101,NA,NA,FALSE,50211342508.101,562,50211342.508101,N
2009,52302588620.412,NA,NA,FALSE,52302588620.412,562,52302588.620412,N
2010,59960894673.781,NA,NA,FALSE,59960894673.781,562,59960894.673781,N
2011,69650585359.058,NA,NA,FALSE,69650585359.058,562,69650585.359058,N
2012,73030657432.053,NA,NA,FALSE,73030657432.053,562,73030657.432053,N
2013,82293545356.803,NA,NA,FALSE,82293545356.803,562,82293545.356803,N
2014,81078858617.321,NA,NA,FALSE,81078858617.321,562,81078858.617321,N
2015,83242228510.618,NA,NA,FALSE,83242228510.618,562,83242228.510618,N
2016,78419148293.749,NA,NA,FALSE,78419148293.749,562,78419148.29374899,N
2017,78499302343.154,NA,NA,FALSE,78499302343.154,562,78499302.34315401,N
2018,79382011145.338,NA,NA,FALSE,79382011145.338,562,79382011.145338,N
2019,82315306681.851,NA,NA,FALSE,82315306681.851,562,82315306.681851,N
2020,83693806400.324,NA,NA,FALSE,83693806400.324,562,83693806.400324,N
2021,88094106837.687,NA,NA,FALSE,88094106837.687,562,88094106.837687,N
2022,65455137925.583,NA,NA,FALSE,65455137925.583,562,65455137.925583,N
2023,64438429261.222,NA,NA,FALSE,64438429261.222,562,64438429.261222,N
2024,62569185648.09,NA,NA,FALSE,62569185648.09,562,62569185.64809,N
1962,NA,4263018204,NA,FALSE,4263018204,561_fallback,4263018.204,P
1963,NA,4364557336,NA,FALSE,4364557336,561_fallback,4364557.336,P
1964,NA,5176731565,NA,FALSE,5176731565,561_fallback,5176731.565,P
1965,NA,4629148474,NA,FALSE,4629148474,561_fallback,4629148.474,P
1966,NA,4700429632,NA,FALSE,4700429632,561_fallback,4700429.632,P
1967,NA,4961793066,NA,FALSE,4961793066,561_fallback,4961793.066,P
1968,NA,5588164546,NA,FALSE,5588164546,561_fallback,5588164.546,P
1969,NA,4632003519,NA,FALSE,4632003519,561_fallback,4632003.519,P
1970,NA,4972339754,NA,FALSE,4972339754,561_fallback,4972339.754,P
1971,NA,4895741577,NA,FALSE,4895741577,561_fallback,4895741.577,P
1972,NA,5791814819,NA,FALSE,5791814819,561_fallback,5791814.819,P
1973,NA,5652477704,NA,FALSE,5652477704,561_fallback,5652477.704,P
1974,NA,5935648561,NA,FALSE,5935648561,561_fallback,5935648.561,P
1975,NA,4573133629,NA,FALSE,4573133629,561_fallback,4573133.629,P
1976,203454983,4027114552,0.05052128027968746,TRUE,4027114552,561_preferred,4027114.552,P
1977,419458168,4162677563,0.10076643257896264,TRUE,4162677563,561_preferred,4162677.563,P
1978,3891548884,1508498864,2.5797492970468685,FALSE,3891548884,562,3891548.884,P
1979,4191267219,745861909,5.619360860805133,FALSE,4191267219,562,4191267.219,P
1980,4961215993,252686620,19.633868991559584,FALSE,4961215993,562,4961215.993,P
1981,4485657438,198633902,22.582536983037265,FALSE,4485657438,562,4485657.438,P
1982,3736539262,507549301,7.361923767086421,FALSE,3736539262,562,3736539.262,P
1983,4058678883,299764274,13.539568370979392,FALSE,4058678883,562,4058678.883,P
1984,4125394237,272821843,15.121202142894402,FALSE,4125394237,562,4125394.237,P
1985,4512498772,97922417,46.08238757015158,FALSE,4512498772,562,4512498.772,P
1986,4520004930,89835000,50.31452028719319,FALSE,4520004930,562,4520004.93,P
1987,4601422623,65290000,70.47668284576505,FALSE,4601422623,562,4601422.623,P
1988,5550926858,20003,277504.71719242114,FALSE,5550926858,562,5550926.858,P
1989,5213251039,NA,NA,FALSE,5213251039,562,5213251.039,P
1990,5926015084,NA,NA,FALSE,5926015084,562,5926015.084,P
1991,5264462263,NA,NA,FALSE,5264462263,562,5264462.263,P
1992,5026398947,NA,NA,FALSE,5026398947,562,5026398.947,P
1993,5003448854,NA,NA,FALSE,5003448854,562,5003448.854,P
1994,4398208373,NA,NA,FALSE,4398208373,562,4398208.373,P
1995,5734332929,NA,NA,FALSE,5734332929,562,5734332.929,P
1996,7979676467,NA,NA,FALSE,7979676467,562,7979676.467,P
1997,13336736698,NA,NA,FALSE,13336736698,562,13336736.698,P
1998,3189152624,NA,NA,FALSE,3189152624,562,3189152.624,P
1999,2931864966,NA,NA,FALSE,2931864966,562,2931864.966,P
2000,3842539818,NA,NA,FALSE,3842539818,562,3842539.818,P
2001,3332162330.771,NA,NA,FALSE,3332162330.771,562,3332162.330771,P
2002,3738791486.764,NA,NA,FALSE,3738791486.764,562,3738791.486764,P
2003,15846648957.78,NA,NA,FALSE,15846648957.78,562,15846648.95778,P
2004,3924066842,NA,NA,FALSE,3924066842,562,3924066.842,P
2005,4169955118.485,NA,NA,FALSE,4169955118.485,562,4169955.118485,P
2006,4481554705.658,NA,NA,FALSE,4481554705.658,562,4481554.705658,P
2007,6415248749.803,NA,NA,FALSE,6415248749.803,562,6415248.749803,P
2008,6557752727.589,NA,NA,FALSE,6557752727.589,562,6557752.727589,P
2009,4498528370.983,NA,NA,FALSE,4498528370.983,562,4498528.370983,P
2010,4881025543.64,NA,NA,FALSE,4881025543.64,562,4881025.543640001,P
2011,5540867453.74,NA,NA,FALSE,5540867453.74,562,5540867.45374,P
2012,4667798066.359,NA,NA,FALSE,4667798066.359,562,4667798.066359,P
2013,5048167369.784,NA,NA,FALSE,5048167369.784,562,5048167.369784,P
2014,5066686493.275,NA,NA,FALSE,5066686493.275,562,5066686.493275,P
2015,5319325758.069,NA,NA,FALSE,5319325758.069,562,5319325.758069,P
2016,5171983851.365,NA,NA,FALSE,5171983851.365,562,5171983.851365,P
2017,4336834993.133,NA,NA,FALSE,4336834993.133,562,4336834.993133,P
2018,5662451533.284,NA,NA,FALSE,5662451533.284,562,5662451.533284,P
2019,5466205066.881,NA,NA,FALSE,5466205066.881,562,5466205.066880999,P
2020,4601381158.159,NA,NA,FALSE,4601381158.159,562,4601381.158159001,P
2021,6097002104.678,NA,NA,FALSE,6097002104.678,562,6097002.104678,P
2022,4884492741.969,NA,NA,FALSE,4884492741.969,562,4884492.741969,P
2023,6909103252.167,NA,NA,FALSE,6909103252.167,562,6909103.2521669995,P
2024,10290298647.947,NA,NA,FALSE,10290298647.947,562,10290298.647947,P
1962,NA,4501576564,NA,FALSE,4501576564,561_fallback,4501576.564,K
1963,NA,4744269310,NA,FALSE,4744269310,561_fallback,4744269.31,K
1964,NA,5149587569,NA,FALSE,5149587569,561_fallback,5149587.569,K
1965,NA,5553096192,NA,FALSE,5553096192,561_fallback,5553096.192,K
1966,NA,5178901792,NA,FALSE,5178901792,561_fallback,5178901.792,K
1967,NA,5537962929,NA,FALSE,5537962929,561_fallback,5537962.929,K
1968,NA,5995556624,NA,FALSE,5995556624,561_fallback,5995556.624,K
1969,NA,5266795306,NA,FALSE,5266795306,561_fallback,5266795.306,K
1970,NA,9849358296,NA,FALSE,9849358296,561_fallback,9849358.296,K
1971,NA,10697780504,NA,FALSE,10697780504,561_fallback,10697780.504,K
1972,NA,10819045428,NA,FALSE,10819045428,561_fallback,10819045.428,K
1973,NA,12837781138,NA,FALSE,12837781138,561_fallback,12837781.138,K
1974,NA,14800100652,NA,FALSE,14800100652,561_fallback,14800100.652,K
1975,NA,12280930713,NA,FALSE,12280930713,561_fallback,12280930.713,K
1976,6725367,13464368858,4.994936688773236e-4,TRUE,13464368858,561_preferred,13464368.858,K
1977,439954439,14319617086,0.030723896900157654,TRUE,14319617086,561_preferred,14319617.086,K
1978,14995711105,208608401,71.88450241272882,FALSE,14995711105,562,14995711.105,K
1979,16672923829,3724560,4476.48147136843,FALSE,16672923829,562,16672923.829,K
1980,16776458843,4934610,3399.7537481178856,FALSE,16776458843,562,16776458.843,K
1981,15540321424,14407628,1078.617620055154,FALSE,15540321424,562,15540321.424,K
1982,11899984665,8211004,1449.2727886869864,FALSE,11899984665,562,11899984.665,K
1983,14038707004,9924474,1414.5542629261763,FALSE,14038707004,562,14038707.004,K
1984,16605124195,7475805,2221.1820927645917,FALSE,16605124195,562,16605124.195,K
1985,14262026053,7309104,1951.2687263719329,FALSE,14262026053,562,14262026.053,K
1986,7452239104,NA,NA,FALSE,7452239104,562,7452239.104,K
1987,15198921210,NA,NA,FALSE,15198921210,562,15198921.21,K
1988,16801681184,NA,NA,FALSE,16801681184,562,16801681.184,K
1989,14993350992,NA,NA,FALSE,14993350992,562,14993350.992,K
1990,16130323452,NA,NA,FALSE,16130323452,562,16130323.452,K
1991,17150640411,NA,NA,FALSE,17150640411,562,17150640.411,K
1992,16916191974,NA,NA,FALSE,16916191974,562,16916191.974,K
1993,15758890801,NA,NA,FALSE,15758890801,562,15758890.801,K
1994,19663731766,NA,NA,FALSE,19663731766,562,19663731.766,K
1995,19956546390,NA,NA,FALSE,19956546390,562,19956546.39,K
1996,23666394892,NA,NA,FALSE,23666394892,562,23666394.892,K
1997,27044679792,NA,NA,FALSE,27044679792,562,27044679.792,K
1998,31262689991,NA,NA,FALSE,31262689991,562,31262689.991,K
1999,32833756198,NA,NA,FALSE,32833756198,562,32833756.198,K
2000,31856250533.307,NA,NA,FALSE,31856250533.307,562,31856250.533307,K
2001,32195522814.348,NA,NA,FALSE,32195522814.348,562,32195522.814348,K
2002,32145915393.997,NA,NA,FALSE,32145915393.997,562,32145915.393997002,K
2003,31629430859.83,NA,NA,FALSE,31629430859.83,562,31629430.859830003,K
2004,37568500414.2,NA,NA,FALSE,37568500414.2,562,37568500.4142,K
2005,39004837926.48,NA,NA,FALSE,39004837926.48,562,39004837.92648,K
2006,35717934580.469,NA,NA,FALSE,35717934580.469,562,35717934.580469005,K
2007,43099834752.634,NA,NA,FALSE,43099834752.634,562,43099834.752634004,K
2008,26613909236.824,NA,NA,FALSE,26613909236.824,562,26613909.236824002,K
2009,20536695516.079,NA,NA,FALSE,20536695516.079,562,20536695.516078997,K
2010,42234009105.361,NA,NA,FALSE,42234009105.361,562,42234009.105361,K
2011,43539556082.192,NA,NA,FALSE,43539556082.192,562,43539556.082192004,K
2012,39001844682.45,NA,NA,FALSE,39001844682.45,562,39001844.68245,K
2013,38429237685.828,NA,NA,FALSE,38429237685.828,562,38429237.685828,K
2014,47687518263.976,NA,NA,FALSE,47687518263.976,562,47687518.263976,K
2015,48796414074.444,NA,NA,FALSE,48796414074.444,562,48796414.074444,K
2016,51540155007.037,NA,NA,FALSE,51540155007.037,562,51540155.007037,K
2017,62701521852.284,NA,NA,FALSE,62701521852.284,562,62701521.852284,K
2018,53008975194.182,NA,NA,FALSE,53008975194.182,562,53008975.194182,K
2019,51105715829.386,NA,NA,FALSE,51105715829.386,562,51105715.829386,K
2020,54451330572.89,NA,NA,FALSE,54451330572.89,562,54451330.57289,K
2021,44796890959.083,NA,NA,FALSE,44796890959.083,562,44796890.959083,K
2022,31436084594.992,NA,NA,FALSE,31436084594.992,562,31436084.594992,K
2023,35414510009.252,NA,NA,FALSE,35414510009.252,562,35414510.009252,K
2024,34911478858.401,NA,NA,FALSE,34911478858.401,562,34911478.858401,K
