Year,Apples,Barley,Beef,Chicken,Dairy products,Maize,Oils,Pork,Potatoes,Rapeseed,Raw sugar,Rice,Sorghum,Soybeans,Starch,Sweet potatoes,Wheat,Fertilizer_K,Fertilizer_N,Fertilizer_P
1961,1617474,7196730,199113,281446,2563698,13998551,2581072,877681,2767754,469523,19739447,12756269.7,2281748,5362712,18099,7161,44381235,NA,NA,NA
1962,1727546,6615240,206858,301594,2686747,19906411,3053725,898719,3379343,592413,17823667,13571798.85,3713006,6645444,18250,8889,43046681,4501576.564,7504668.268,4263018.204
1963,1523826,5705873,244657,286786,2912515,21090095,3123176,987188,2947972,559261,17039752,16084974.35,3935596,7283441,12545,6016,47774354,4744269.31,9003085.753,4364557.336
1964,1745471,7993294,205787,321134,3132988,22316250,3404129,1139960,3634385,608466,16406721,16836547.05,3613199,8636681,32724,6022,57264056,5149587.569,6957494.821,5176731.565
1965,2014815,8090162,208078,340521,3173000,25021651,3291660,1386754,3789079,835288,18341402,16803290.05,5299695,9823668,40562,5590,54701291,5553096.192,9008827.919,4629148.474
1966,1937291,6447933,236568,344394,3245378,25921327,3610207,1323112,3576264,1015251,17947283,16384322.05,8822132,10682438,26738,11520,61021805,5178901.792,8989768.362,4700429.632
1967,2018076,7244568,263714,366212,3498501,27714258,3899639,1266055,3388983,956795,19511476,16279546.35,7314195,11566621,22996,11161,51214929,5537962.929,9871681.814,4961793.066
1968,2127975,6406683,265465,410988,3712822,29018976,4286029,1359496,3432759,1088678,19512177,15181148,4801960,12571881,28712,11867,51620782,5995556.624,9412257.968,5588164.546
1969,2326821,7151403,276136,416872,3725908,27673438,4395654,1315306,3619317,1161885,18695396,15847309.8,4406613,13596842,23800,12826,46924615,5266795.306,8735485.379,4632003.519
1970,2185612,10518952,283375,493146,4235607,29675849,4780974,1472752,3816649,1278035,21069500,16853942.15,6209332,18050512,11851,14685,55183269,9849358.296,8005930.225,4972339.754
1971,2371070,10989443,265906,573362,4576317,30962617,5495799,1743014,3290769,2141655,20702252,17323617.75,6221818,18616080,27784,32582,56726438,10697780.504,8121353.311,4895741.577
1972,2737306,13900394,270386,577273,4424303,37578944,5862170,1824202,5163969,2037562,21511442,17153159.7,6168687,20412271,36329,45930,63407468,10819045.428,10782057.542,5791814.819
1973,2518098,12405647,282417,590777,5567576,48348759,6018616,1857858,3957821,2080816,22433289,17091915.35,9049715,23775251,43221,28175,79821187,12837781.138,12865367.293,5652477.704
1974,2860389,11591036,290852,643887,5992274,49749778,6554308,1755442,3940166,1678039,22746152,16585053,10799650,26518730,67938,16591,63613862,14800100.652,13982780.122,5935648.561
1975,2821224,12486423,295929,688550,5340835,52085174,6843845,1774449,3990841,1336134,21372634,15411712.95,10155705,25450853,40681,22551,71973904,12280930.713,12024933.306,4573133.629
1976,3020950,13783852,380903,805759,6266425,62376350,7999339,1868359,4537274,1779708,22453892,17814605.85,11161661,31161194,38735,23412,67201609,13464368.858,10140217.021,4027114.552
1977,3103014,13020186,421801,951896,7080326,57762836,8603756,1912475,4792798,1979367,28174079,21702912.6,11937028,31802410,33911,20340,72262464,14319617.086,9774949.614,4162677.563
1978,3034357,14456850,431110,958360,7438112,68792037,9270321,1961210,4152073,2096446,25363428,19197832.25,10923386,38676181,39024,29220,82326856,14995711.105,14855234.112,3891548.884
1979,3307725,13928292,441423,1140082,8271724,76091149,10218561,2155194,4878344,3067124,25828055,22949486.85,11364752,40451253,52115,25589,78781218,16672923.829,16041265.566,4191267.219
1980,3377069,16082813,369642,1400709,8603560,80303349,11704427,2303952,5227485,2633251,26592721,25805001.2,11179386,44702231,40653,64238,96965434,16776458.843,16069737.294,4961215.993
1981,3805631,19605859,382007,1783540,9117961,78734869,11851740,2434712,5317186,3159224,28377576,26237385.9,14476589,46374054,48894,33692,102886802,15540321.424,14738089.009,4485657.438
1982,3646428,18211680,362236,1693123,9241574,69630317,12458513,2508021,5649611,3048982,29718525,24086633.05,13730145,49033514,59858,75264,102198898,11899984.665,14044142.539,3736539.262
1983,3878614,17605966,373110,1655573,9275805,69137323,13452590,2703192,5285473,3580351,28509279,23023839.3,11740932,49491235,53777,160222,109222634,14038707.004,15478485.272,4058678.883
1984,3882178,22980601,384175,1562249,10029449,68728558,13951251,2889505,5329104,3953899,27749888,25541743.6,12437599,46213764,74127,121986,113689835,16605124.195,17474863.465,4125394.237
1985,3752316,21819421,383152,1533572,10339968,69959743,15192388,3096032,5643081,4942319,27705424,23186127.75,13343848,48207873,137919,394164,102466264,14262026.053,16962368.25,4512498.772
1986,3981180,26110695,378035,1663027,10396316,57695742,16461689,3192021,6210884,5875640,27116593,26865321.1,8563327,50097831,140679,581569,93795367,7452239.104,15889215.46,4520004.93
1987,4085953,22113724,374474,1797636,11100290,64716255,17136612,3379822,7095333,6635480,27951289,26195117.75,7949512,54069328,193541,626019,107852106,15198921.21,18504646.985,4601422.623
1988,3980935,20904021,424442,1950272,11751032,66527791,17526014,3542376,7446785,6745380,28402579,24471629.4,9285179,53009895,289575,637496,116486904,16801681.184,21003132.045,5550926.858
1989,4045759,21558592,401324,2070165,11141800,77455888,18397249,3580802,7810899,7155655,29308890,30394613.6,10624112,49408313,269862,336253,104585884,14993350.992,22361685.236,5213251.039
1990,4340121,21072801,388779,2325713,10457063,72080321,20113083,3743185,8087797,7085865,28846724,24989780.95,8864493,52128829,333224,370443,105538680,16130323.452,24329494.336,5926015.084
1991,4706847,22866254,462525,2486320,11613663,66198723,19888602,3960945,9154242,7724736,28746954,26324335.65,8239451,53973452,376925,800750,116867918,17150640.411,22758214.509,5264462.263
1992,4780857,23938418,518362,2859653,12800352,73892057,20602623,3860647,9378319,8028978,31298080,32072653.45,9949339,57545079,433765,651220,122861952,16916191.974,28362177.27,5026398.947
1993,5471269,17929525,557952,3390414,13146526,67862688,20750463,4028361,9143641,8458372,28991249,33543144.9,8669874,57551554,391998,472203,116001505,15758890.801,27091018.191,5003448.854
1994,5674438,22552150,553292,4015891.04,14078222.59,65193387.28,25043508.27,4668594,9873803.54,9370830,29493857.64,35863887.2,7530899.64,59726797,551587.3,720943.56,113080575.12,19663731.766,30727652.366,4398208.373
1995,6099631,20945793,563080,4875587.08,14891739.49,78315854.32,26736241.99,4648215,9413233.32,9563233,34473243.5,44935828.4,6660687.45,63949728.06,590521,128254.47,112089443.06,19956546.39,48412129.776,5734332.929
1996,6084380,21749285,465757.93,5764235,15068729.63,71835191.66,25635754.35,4936917,9573794.15,10678077,35886510.519999996,39564664.34,6534540.86,66108895.42,611646,66653,109495807.64,23666394.892,45743074.806,7979676.467
1997,6399640.14,21570400,439805.01,5890113.86,16068102.37,73203624.67,30960760.56,4977223.15,9570116.08,10856175,37327891.77,42192068.57,6429196.37,72838613.22,829885.2,62146.31,117331549.5,27044679.792,39809137.872,13336736.698
1998,6250722.66,18169484,410119.04,6408737.07,16585498.97,76155387.48,29508571.57,5336256.890000001,10780635.32,13224406,38445515.63,58263311.15,6936418,76911635.53,619040.3,66155.58,118156253.57,31262689.991,39281251.956,3189152.624
1999,6501871.529999999,21726781.9,407633.67,6790166.16,17149957.72,78833045.63000001,32318439.12,6122126.73,11033416.99,14460375.19,41274891.6,50884931.35,7448048.01,79286081.47999999,780420.68,75959.09,123253359.89,32833756.198,40882894.648,2931864.966
2000,6650568.16,23899250.22,432586.96,7458553.25,18419239.53,82435890.45,32690886.95,5969693.96,11111708.18,14145362.72,38571281.92,47461219.83,8498142.39,84666573.03,1073486.97,82807.11,126243037.54,31856250.533307,43381446.75289,3842539.818
2001,6835493.0200000005,19757309.53,385680.42,8161324.180000001,18293938.28,83895510.3,36186341.15,6118735.72,11761261.13,13246194.22,41303818.39,54148929.64,7729022.64,100404115.26,935566.66,87981.63,122081439.6,32195522.814348,39449298.586646006,3332162.330771
2002,7165008.949999999,22727962.98,438813.78,8107615.180000001,18510327.76,87548450.75,38369867.55,6713105.7,12016095.05,11228406.22,44136582.58,56009329.05,6684294.33,100127281.89,952940.55,91069.64,129083249.09,32145915.393997,40006593.007765,3738791.486764
2003,8033325.9,21878877.59,486320.87,8615729.219999999,19979021.05,90815373.06,41871502.79,7374126.98,13316253.37,10955374.03,42794980.57,56633798.42,6369191.15,115050367.56,1252377.59,94152.13,118397858.73,31629430.859830003,41767782.799881995,15846648.95778
2004,8442053.87,23053464.81,539648.54,8248589.6,21793881.15,82786746.85,44546232.78,8114762.97,13594937.67,13401447.97,45042861.07,58489503.06,5786589.07,106728425.67,1455873.67,112784.91,126807981.43,37568500.4142,47373118.240906,3924066.842
2005,9308059.01,25871203.59,566125.4900000001,9324324.25,22542900.55,90612947.46,50310549.25,8620985.01,13621106.31,14254608.7,48987127.94,59783804.49,5451927.65,121716926,1648601.31,128553.21,130463251,39004837.92648,50160766.3526,4169955.118485
2006,9216106.3,24045748.77,578899.05,9457385.44,24107005.62,95575449.15,56332170.1,8950014.06,14757520.38,17017007.58,51143323.96,62114056.73,5370286.13,126123278.02,1858660.44,135748.38,135941896.55,35717934.580469005,50058409.554738,4481554.705658
2007,10345809.08,23215628.869999997,608120.51,10887202.93,25371309.12,110129638.53,53478996.18,9489071.59,15784092.43,19094400.47,51292407.94,67914069.67999999,7820340.83,135704811,1684350.89,152242.78,135472680.1,43099834.752634,57208348.946374,6415248.749803
2008,9906237.66,27309258.39,612056.48,12126444.42,26158799.35,102221716.79,59266186.8,10591245.55,15757456.74,24081287.85,49083203.89,61060823.33,8019690.13,137986301.14,1464069.94,175681.21,142064061.66,26613909.236824,50211342.508101,6557752.727589
2009,10174041.41,25688329.44,563949.52,12488648.13,27161226.73,100442628.66,61228593.39,10358874.73,15897090.79,24927865.32,52548081.94,61297594.07,6507546.89,138330830.51999998,2363432.64,203239.4,158325202.17999998,20536695.516078997,52302588.620412,4498528.370983
2010,10909631.21,26670096.75,507346.85,13480778.55,28615833.5,108869901.02,63536399.419999994,10900164.55,17567572.16,25409763.66,59916014.06,68120317.82000001,6318312.78,162299414.69,2140518.44,216614.1,157160303.27,42234009.105361,59960894.673781,4881025.543640001
2011,10363936.8,25445415.5,530419.29,14423518.3,29765473.92,110115119.57,66032919.26,11744030.27,18783886.43,26603569.94,58019164.02,75956947.75,6274657.45,155867668.11,2608926.56,240916.99,161501310.1,43539556.082191996,69650585.359058,5540867.45374
2012,10542071.12,28493225.69,541124.14,14660725.62,31652919.24,120592866.75,70958756.77,11825210.57,17846096.89,29638393.14,58484032.93,80851216.25,6516221,157095205.95999998,3128882.04,254860.43,177706832.14000002,39001844.68245,73030657.432053,4667798.066359
2013,10920120.52,31137013.49,522110.41,14819113.69,32183803.29,124338391.22,73721522.81,11716597.01,18986648.37,31815418.79,63123722.690000005,81866700.23,6403414.55,168362874.96,3145156.98,270619.79,175104174.52,38429237.685828,82293545.356803,5048167.369784
2014,11028834.21,33518800.3,538569.63,15233320.59,33645959.29,142939056.01000002,76948316.54,11838196.62,19248199.69,34400153.78,60833595.71,89258950.16,9415951.53,182373988.76,5193516.72,367207.49,186574096.81,47687518.263976,81078858.617321,5066686.493275
2015,11852880.93,38350695.379999995,518699.74,14950483.760000002,34016276.44,148399587.86999995,83340329.37,12252803.38,19480657.57,32019645.56,63704811.63,87772693.97999999,13239185.93,198311029.6,5575402.18,424766.85,184860029.6,48796414.074444,83242228.510618,5319325.758069
2016,11609737.22,35153587.870000005,507414.14,15488437.5,34342025.56,153984448.36,80051243.14999999,12960051.38,20358640.35,32662924.79,68883346.42999999,81720761.27,8841480.53,204470467.83,5809622.12,580746.42,205118736.12,51540155.007037,78419148.29374899,5171983.851365
2017,12096103.2,39617689.69,523538.31,16249818.32,35089376.18,161712654.42999998,86193049.42,13177188.65,22218882.4,36342337.35,69348071.06,95388846.02,7615245.08,218219929.43,5745220.0600000005,725476.17,212153064.29,62701521.852284,78499302.34315401,4336834.993133
2018,10775130.85,36591277.57,543006.86,16725981.95,35225036.55,173726306.33,86502171.47,13183767.16,22443152.06,34778697.87,66387088,93727369.07,5566972.6,220024531.92,4964476.18,768154.69,206232530.91,53008975.194182,79382011.145338,5662451.533284
2019,11466963.13,32889882.12,556708.39,16981626.04,35975089.94,191828426.87,90807047.38,13701187.87,23988347.89,32872000.869999997,63036978.260000005,87513646.56,3968015.82,226409560.4,5172206.42,979925.82,201440406.55,51105715.829386,82315306.681851,5466205.066880999
2020,10933974.48,38013659.32,530149,16729303.06,36093522.47,193063783.06,91808032.06,15172911.37,22996080.82,38321681.23,73202613.17,92761874.17,7915541.66,239797401,5250488.15,887439.59,212520823.89,54451330.57289,83693806.400324,4601381.158159001
2021,11511523.84,44020118.75,518546.22,17359915.400000002,36987313.44,197036575.61,88900495.21000001,15338704.93,23821215.05,36009576.5,67821344.16,105983981.28,10951783.66,223406067.3,6315839.15,876068.5,214905380.92,44796890.959083,88094106.837687,6097002.104678
2022,10906698.36,33974064.61,530587.5700000001,18186987.56,36406796.36,210420875.38,89164070.00999999,14107158.53,26238099.47,35031093.26,73104492.13,116043406.57,10735202.21,227434846.78000003,6667144.2299999995,907347.04,205602643.04,31436084.594992,65455137.925583,4884492.741969
2023,10174997.02,40342767.650000006,515452.36,17981687.919999998,36383404.34,198468623.06,92355298.99,13183935.9,26370949.81,42047957.9,72734962.3,109526864.9,8137420.66,239955645.58,5704864.49,957900.52,216960266.93,35414510.009252,64438429.261222,6909103.2521669995
2024,10667953.39,37508842.85,499271.33,18358923.97,36724978.71,202869645.65,91466603.79,13608360.41,28081200.3,41286810.35,75819878.5,123157103.82,9556609.13,248887965.24,5602999.11,935058.72,218165125.54,34911478.858401,62569185.64809,10290298.647947
