,Apple,Barley,Beef,Chicken,Dairy,Corn,Oils,Pork,Potatoes,Rapeseed,Raw sugar,Rice,Sorghum,Soybean,Starch,Sweet potatoe,Wheat,Fertilizer K,Fertilizer N,Fertilizer P
Apple,1,0.155641647,-0.064046877,0.322776706,-0.074947443,0.009452226,0.098304935,0.166686326,0.399497292,0.061367444,0.043524114,0.061645124,-0.064473637,0.06347159,0.354904082,-0.098474115,-0.319124375,0.065178376,0.052863362,0.150229402
Barley,0.155641647,1,-0.139013972,0.061807475,0.033880348,-0.105951025,0.186968735,0.275475488,0.177182061,0.035632562,0.051411746,-0.052937098,0.059950589,0.086289973,0.097216388,0.079130937,0.191796651,0.071836191,-0.035544149,0.071881263
Beef,-0.064046877,-0.139013972,1,-0.14033186,0.339755519,0.11011226,-0.038694928,-0.161609392,-0.10553282,0.013146254,-0.059457041,0.089490371,0.088363395,-0.100831339,-0.194257557,-0.044830986,-0.107108907,-0.057130239,0.13807735,0.00539114
Chicken,0.322776706,0.061807475,-0.14033186,1,0.176664024,-0.004859416,0.091834192,0.143389762,0.126753873,0.148776639,0.231117895,0.231857478,-0.027477445,0.144061395,-0.012229447,-0.293439534,-0.062204881,0.111118109,-0.122980877,0.13566445
Dairy,-0.074947443,0.033880348,0.339755519,0.176664024,1,0.182945046,0.113255777,0.105034961,-0.232436242,0.251367388,0.216126958,0.258391841,0.18975897,0.285771511,0.198139653,-0.170113248,0.184494889,0.344950215,0.105813404,0.03545619
Corn,0.009452226,-0.105951025,0.11011226,-0.004859416,0.182945046,1,0.078285845,-0.101032298,0.0694508,-0.027522191,-0.005461615,0.18505828,0.359491234,0.420784054,0.026083781,-0.21410812,0.112545809,0.318684973,0.410432571,0.126332568
Oils,0.098304935,0.186968735,-0.038694928,0.091834192,0.113255777,0.078285845,1,0.075238517,0.063695394,0.109218813,-0.018010175,-0.022905385,-0.147146417,0.244517643,0.167581675,0.234931504,-0.04889871,-0.00553509,-0.122025823,0.154792964
Pork,0.166686326,0.275475488,-0.161609392,0.143389762,0.105034961,-0.101032298,0.075238517,1,0.091414654,0.3942858,0.073889605,-0.032696436,0.046457879,-0.001284055,0.233022839,0.167379076,0.191001067,0.23226228,0.035146799,-0.038771232
Potatoes,0.399497292,0.177182061,-0.10553282,0.126753873,-0.232436242,0.0694508,0.063695394,0.091414654,1,0.002431245,0.044610112,0.164118963,-0.097115917,0.102754057,0.098810234,0.17361514,-0.115590457,0.044652951,-0.178314454,0.028286268
Rapeseed,0.061367444,0.035632562,0.013146254,0.148776639,0.251367388,-0.027522191,0.109218813,0.3942858,0.002431245,1,0.034397114,0.115740702,0.140824659,-0.007522417,0.219847104,0.140321261,-0.040152674,0.063203175,-0.04823025,-0.209561722
Raw sugar,0.043524114,0.051411746,-0.059457041,0.231117895,0.216126958,-0.005461615,-0.018010175,0.073889605,0.044610112,0.034397114,1,0.262767969,0.134183096,0.16585619,-0.115064537,-0.300262927,0.024326402,0.270457396,0.074684877,-0.133969805
Rice,0.061645124,-0.052937098,0.089490371,0.231857478,0.258391841,0.18505828,-0.022905385,-0.032696436,0.164118963,0.115740702,0.262767969,1,0.178156901,0.012012511,-0.196401847,-0.305677096,-0.078650706,0.065611882,0.039793404,-0.212526603
Sorghum,-0.064473637,0.059950589,0.088363395,-0.027477445,0.18975897,0.359491234,-0.147146417,0.046457879,-0.097115917,0.140824659,0.134183096,0.178156901,1,0.191113232,-0.049175893,-0.110488702,0.099693707,0.175651347,0.089478456,-5.18E-04
Soybean,0.06347159,0.086289973,-0.100831339,0.144061395,0.285771511,0.420784054,0.244517643,-0.001284055,0.102754057,-0.007522417,0.16585619,0.012012511,0.191113232,1,-0.119003557,0.016853902,0.065052386,0.382828985,-0.010351652,0.241189572
Starch,0.354904082,0.097216388,-0.194257557,-0.012229447,0.198139653,0.026083781,0.167581675,0.233022839,0.098810234,0.219847104,-0.115064537,-0.196401847,-0.049175893,-0.119003557,1,0.065587807,-0.048588142,-0.013412294,0.082666609,0.135757509
Sweet potatoe,-0.098474115,0.079130937,-0.044830986,-0.293439534,-0.170113248,-0.21410812,0.234931504,0.167379076,0.17361514,0.140321261,-0.300262927,-0.305677096,-0.110488702,0.016853902,0.065587807,1,0.172623287,-0.100837747,-0.272764284,-0.103575329
Wheat,-0.319124375,0.191796651,-0.107108907,-0.062204881,0.184494889,0.112545809,-0.04889871,0.191001067,-0.115590457,-0.040152674,0.024326402,-0.078650706,0.099693707,0.065052386,-0.048588142,0.172623287,1,0.224570683,0.036171163,-0.095964933
Fertilizer K,0.065178376,0.071836191,-0.057130239,0.111118109,0.344950215,0.318684973,-0.00553509,0.23226228,0.044652951,0.063203175,0.270457396,0.065611882,0.175651347,0.382828985,-0.013412294,-0.100837747,0.224570683,1,0.262952153,0.010046761
Fertilizer N,0.052863362,-0.035544149,0.13807735,-0.122980877,0.105813404,0.410432571,-0.122025823,0.035146799,-0.178314454,-0.04823025,0.074684877,0.039793404,0.089478456,-0.010351652,0.082666609,-0.272764284,0.036171163,0.262952153,1,0.047555814
Fertilizer P,0.150229402,0.071881263,0.00539114,0.13566445,0.03545619,0.126332568,0.154792964,-0.038771232,0.028286268,-0.209561722,-0.133969805,-0.212526603,-5.18E-04,0.241189572,0.135757509,-0.103575329,-0.095964933,0.010046761,0.047555814,1
