item,Apples,Barley,Beef,Chicken,Dairy products,Maize,Oils,Pork,Potatoes,Rapeseed,Raw sugar,Rice,Sorghum,Soybeans,Starch,Sweet potatoes,Wheat,Fertilizer_K,Fertilizer_N,Fertilizer_P
Apples,0.0038334802512156644,0.0013468457066750292,-3.1437778555762087e-4,0.0013616569690140903,-2.2997155737731532e-4,5.243571930235636e-5,3.1623602393307e-4,5.620238683766294e-4,0.002349303194136854,4.94879030947752e-4,1.7379001369643412e-4,3.8658369651098335e-4,-9.071498485853191e-4,2.5787008965009653e-4,0.006272867289962821,-0.002596572895695794,-0.0016763260140388837,8.863379434672325e-4,4.3830344234742786e-4,0.003371493770181787
Barley,0.0013468457066750292,0.019533983963849654,-0.0015403206611019592,5.885797626100859e-4,2.3467345381828806e-4,-0.001326774418831284,0.001357699973381171,0.0020967012026386106,0.002352034980185323,6.486446740662774e-4,4.634000033900217e-4,-7.493828195787308e-4,0.0019040971921059757,7.913720828932535e-4,0.0038787642343746853,0.004710028513401109,0.0022742506379879123,0.002192204435574677,-6.613481930941092e-4,0.003620137599087316
Beef,-3.1437778555762087e-4,-0.0015403206611019592,0.006285134099901836,-7.580231481412553e-4,0.0013348869473999644,7.821489496691857e-4,-1.5938620059823523e-4,-6.97721394738202e-4,-7.946455055029198e-4,1.3574495071903898e-4,-3.039896736162034e-4,7.185909895355582e-4,0.0015919518079193873,-5.24539002900016e-4,-0.004396364444579133,-0.0015136218346189078,-7.20418330200526e-4,-9.953726584369463e-4,0.0014667848104567421,1.5501435557107245e-4
Chicken,0.0013616569690140903,5.885797626100859e-4,-7.580231481412553e-4,0.004642349416151635,5.965374618135157e-4,-2.9665349509142326e-5,3.250968255970699e-4,5.320411540424121e-4,8.20273657333276e-4,0.0013202861113347196,0.0010155486980561255,0.001600067137548754,-4.254470351168558e-4,6.440825108335176e-4,-2.3786701744245292e-4,-0.008514700056338241,-3.5957978705785114e-4,0.0016621829690601382,-0.0011216461454554212,0.0033491273520719223
Dairy products,-2.2997155737731532e-4,2.3467345381828806e-4,0.0013348869473999644,5.965374618135157e-4,0.002456073637055554,8.123400379906105e-4,2.916221195762137e-4,2.834736801447426e-4,-0.0010940902605309116,0.0016225348114768915,6.907611424286086e-4,0.0012970229884576372,0.0021370921766392507,9.293185419231045e-4,0.002803177380641321,-0.003590381902766169,7.757234553623825e-4,0.003752509271966902,7.018274260630845e-4,6.365448965237432e-4
Maize,5.243571930235636e-5,-0.001326774418831284,7.821489496691857e-4,-2.9665349509142326e-5,8.123400379906105e-4,0.008027735007719928,3.644342309603271e-4,-4.929636716419261e-4,5.910202817165853e-4,-3.211766110246038e-4,-3.155846483214553e-5,0.0016793964188000063,0.007319561540438917,0.002473892173081925,6.671531706034892e-4,-0.00816980083213663,8.555152058986866e-4,0.005747307451294408,0.004513037676855102,0.0037600168094678583
Oils,3.1623602393307e-4,0.001357699973381171,-1.5938620059823523e-4,3.250968255970699e-4,2.916221195762137e-4,3.644342309603271e-4,0.0026994719047529698,2.1288144272113303e-4,3.1432291924222825e-4,7.390966888461763e-4,-6.034698996917855e-5,-1.2053833604732566e-4,-0.001737358112131987,8.336323997001306e-4,0.0024855609724669563,0.005198313672250677,-2.1554537126057798e-4,-6.186142805054723e-5,-8.315173776562723e-4,0.0028550789553123974
Pork,5.620238683766294e-4,0.0020967012026386106,-6.97721394738202e-4,5.320411540424121e-4,2.834736801447426e-4,-4.929636716419261e-4,2.1288144272113303e-4,0.0029656257180125643,4.728273663847506e-4,0.002796621581033687,2.595014454341309e-4,-1.803461047665052e-4,5.749337412626228e-4,-4.588458590646499e-6,0.003622556331188761,0.0038818714818731415,8.824616785996738e-4,0.0027677402802080515,2.553622656396164e-4,-7.624789749735819e-4
Potatoes,0.002349303194136854,0.002352034980185323,-7.946455055029198e-4,8.20273657333276e-4,-0.0010940902605309116,5.910202817165853e-4,3.1432291924222825e-4,4.728273663847506e-4,0.009021052896558688,3.007611379962603e-5,2.73250018207864e-4,0.0015788307061997406,-0.002096135131676846,6.40401839852854e-4,0.002679100660388228,0.007022601518185947,-9.314348576899289e-4,9.08846166628472e-4,-0.002212845330844694,9.501397421837082e-4
Rapeseed,4.94879030947752e-4,6.486446740662774e-4,1.3574495071903898e-4,0.0013202861113347196,0.0016225348114768915,-3.211766110246038e-4,7.390966888461763e-4,0.002796621581033687,3.007611379962603e-5,0.016964020878125274,2.889247043293092e-4,0.001526858167231264,0.004168150138196597,-6.429049844082865e-5,0.008174169456633193,0.007783406191983144,-4.436911465100565e-4,0.0017962649419107914,-8.357479352912439e-4,-0.009829129945332981
Raw sugar,1.7379001369643412e-4,4.634000033900217e-4,-3.039896736162034e-4,0.0010155486980561255,6.907611424286086e-4,-3.155846483214553e-5,-6.034698996917855e-5,2.595014454341309e-4,2.73250018207864e-4,2.889247043293092e-4,0.004159072908104315,0.0017164014684355557,0.001966510740011016,7.018671723167854e-4,-0.002118352608174116,-0.00824673040444583,1.3309999638101821e-4,0.003734955606432262,6.288449064897505e-4,-0.003053269404712322
Rice,3.8658369651098335e-4,-7.493828195787308e-4,7.185909895355582e-4,0.001600067137548754,0.0012970229884576372,0.0016793964188000063,-1.2053833604732566e-4,-1.803461047665052e-4,0.0015788307061997406,0.001526858167231264,0.0017164014684355557,0.010258795496083347,0.004100634700640413,7.983750492441722e-5,-0.005678743375863118,-0.013185387605755761,-6.758537136815618e-4,0.001459184912903204,5.395891634634818e-4,-0.007800325966325629
Sorghum,-9.071498485853191e-4,0.0019040971921059757,0.0015919518079193873,-4.254470351168558e-4,0.0021370921766392507,0.007319561540438917,-0.001737358112131987,5.749337412626228e-4,-0.002096135131676846,0.004168150138196597,0.001966510740011016,0.004100634700640413,0.05164169580821319,0.002849810518669405,-0.0031901491739392746,-0.01069300906451003,0.0019220730359886845,0.008526279643016247,0.002648200526876142,-4.145770791821246e-5
Soybeans,2.5787008965009653e-4,7.913720828932535e-4,-5.24539002900016e-4,6.440825108335176e-4,9.293185419231045e-4,0.002473892173081925,8.336323997001306e-4,-4.588458590646499e-6,6.40401839852854e-4,-6.429049844082865e-5,7.018671723167854e-4,7.983750492441722e-5,0.002849810518669405,0.004305761387572909,-0.0022291711316843365,4.709852062138106e-4,3.6215134631914546e-4,0.005394537840205335,-8.893718475399703e-5,0.005608924260462902
Starch,0.006272867289962821,0.0038787642343746853,-0.004396364444579133,-2.3786701744245292e-4,0.002803177380641321,6.671531706034892e-4,0.0024855609724669563,0.003622556331188761,0.002679100660388228,0.008174169456633193,-0.002118352608174116,-0.005678743375863118,-0.0031901491739392746,-0.0022291711316843365,0.0814923757135492,0.007973764648321528,-0.0011767675322776336,-8.407831190816565e-4,0.003159623556240243,0.01404482717742067
Sweet potatoes,-0.002596572895695794,0.004710028513401109,-0.0015136218346189078,-0.008514700056338241,-0.003590381902766169,-0.00816980083213663,0.005198313672250677,0.0038818714818731415,0.007022601518185947,0.007783406191983144,-0.00824673040444583,-0.013185387605755761,-0.01069300906451003,4.709852062138106e-4,0.007973764648321528,0.18136923993352574,0.0062371055123123294,-0.009432436226990415,-0.015556523322836776,-0.015989271791921857
Wheat,-0.0016763260140388837,0.0022742506379879123,-7.20418330200526e-4,-3.5957978705785114e-4,7.757234553623825e-4,8.555152058986866e-4,-2.1554537126057798e-4,8.824616785996738e-4,-9.314348576899289e-4,-4.436911465100565e-4,1.3309999638101821e-4,-6.758537136815618e-4,0.0019220730359886845,3.6215134631914546e-4,-0.0011767675322776336,0.0062371055123123294,0.007197866472695966,0.004167308424543912,4.0925062733826527e-4,-0.0029389132409805914
Fertilizer_K,8.863379434672325e-4,0.002192204435574677,-9.953726584369463e-4,0.0016621829690601382,0.003752509271966902,0.005747307451294408,-6.186142805054723e-5,0.0027677402802080515,9.08846166628472e-4,0.0017962649419107914,0.003734955606432262,0.001459184912903204,0.008526279643016247,0.005394537840205335,-8.407831190816565e-4,-0.009432436226990415,0.004167308424543912,0.04751857015628984,0.007618410868965181,7.878817617625361e-4
Fertilizer_N,4.3830344234742786e-4,-6.613481930941092e-4,0.0014667848104567421,-0.0011216461454554212,7.018274260630845e-4,0.004513037676855102,-8.315173776562723e-4,2.553622656396164e-4,-0.002212845330844694,-8.357479352912439e-4,6.288449064897505e-4,5.395891634634818e-4,0.002648200526876142,-8.893718475399703e-5,0.003159623556240243,-0.015556523322836776,4.0925062733826527e-4,0.007618410868965181,0.017664931465077548,0.002273855708092923
Fertilizer_P,0.003371493770181787,0.003620137599087316,1.5501435557107245e-4,0.0033491273520719223,6.365448965237432e-4,0.0037600168094678583,0.0028550789553123974,-7.624789749735819e-4,9.501397421837082e-4,-0.009829129945332981,-0.003053269404712322,-0.007800325966325629,-4.145770791821246e-5,0.005608924260462902,0.01404482717742067,-0.015989271791921857,-0.0029389132409805914,7.878817617625361e-4,0.002273855708092923,0.12942155100939925
