j,mean_epsilon,sd_epsilon,p01,p05,p50,p95,p99
Apples,8.74871417370425e-4,0.06183835743661001,-0.1451839464715467,-0.10021791107082885,0.001880186843286389,0.10161030512360177,0.14629338307601475
Barley,-0.0016350962212024636,0.1400734964069101,-0.32522299721607284,-0.2345536169073782,4.312840899791159e-4,0.2252536216543785,0.3163526319376219
Beef,-0.0011445777740748955,0.0796139841611818,-0.18600176748715788,-0.130463655339069,-9.92881614893595e-4,0.13104721041449385,0.18650857674216478
Chicken,-6.486097345488788e-4,0.06773461267735933,-0.1581406879484141,-0.11179855354642226,-3.082368943106053e-4,0.11100361747594951,0.16034453894187845
Dairy products,-3.148303562516881e-4,0.0493906178323971,-0.11144882249421419,-0.08123689708327315,2.142532383513831e-4,0.08161060104919036,0.11374974890118644
Fertilizer_K,0.0030476065603998567,0.21670106784411444,-0.5025449519845885,-0.35449056563835835,0.0042897468629533786,0.3625866828055621,0.506843116156582
Fertilizer_N,0.0011818360292518216,0.1336904178208066,-0.3157543164264137,-0.22017598472112831,0.001358916370452436,0.22070042284180683,0.312235220295295
Fertilizer_P,-0.00391382204850282,0.360889695531684,-0.8328200895719707,-0.5960956154181158,-0.005233589450892572,0.5787938411623427,0.8422878349167366
Maize,8.099661628991805e-4,0.08975310902036893,-0.20668065057362997,-0.145254659366464,-2.640827532065604e-5,0.1487742682473016,0.21130535847313928
Oils,-9.979254963730976e-4,0.05173977433977811,-0.12337154087696588,-0.08640305241633423,-0.0010919524527034465,0.08425156835052929,0.11972993937919194
Pork,2.5195416536811935e-4,0.054551977402247966,-0.12707534511599813,-0.08999420324134406,3.2630273791047946e-4,0.08917090955860119,0.12793453201316557
Potatoes,0.0010893776180114314,0.09427271357635966,-0.21642312952016146,-0.1549367749913173,5.521152496760382e-4,0.1535914251968553,0.22087993856989754
Rapeseed,5.8020095077586805e-5,0.13108891140313159,-0.3023862945703391,-0.21826436044328656,6.476476733181583e-4,0.21409375327735963,0.30829668437821345
Raw sugar,1.9418814341360166e-4,0.06543996124016888,-0.15503389068468745,-0.10760326567059596,4.980567081434658e-4,0.10606125504554721,0.15386976887918855
Rice,-1.3436500180380163e-4,0.10146356169720902,-0.2356743570547545,-0.16387317061565612,-5.123372488789321e-4,0.16800765175003055,0.23252848147159483
Sorghum,-0.0010027594611078563,0.22928089945122562,-0.5230271663945547,-0.3724400989075361,-0.0033244331366251564,0.37779734984902874,0.5437620320032296
Soybeans,6.624836983764188e-4,0.06608822998371143,-0.14941394314126666,-0.10782511619875927,-2.805053067610468e-4,0.10992356579347706,0.15543632621476083
Starch,7.48463670612145e-4,0.2860318850452977,-0.6683329252021701,-0.4710698205969186,0.0025363658203926623,0.47041667024264455,0.6700181191876731
Sweet potatoes,3.824032772933022e-4,0.4239808193220839,-0.9917067082269627,-0.6939586176163423,-0.001008678700783661,0.7008624500025407,0.9910795756998964
Wheat,-2.452563483748263e-4,0.08401335722549488,-0.19614347662760523,-0.1393272987729511,7.446238449845995e-4,0.1358134759853528,0.1906534957906356
